#{"t_start": 1621788826.2877219, "env_id": null}
r,l,t
1.974227,49,0.511373
-3.501182,49,0.529293
0.530534,49,0.680027
0.824579,49,0.699461
-1.251369,49,0.718209
0.72741,49,0.754066
1.605926,49,0.772963
-0.790288,49,0.809901
2.047659,49,0.829037
1.056538,49,0.848188
-0.580428,49,0.883839
-1.122327,49,0.903597
0.498339,49,0.922742
1.418917,49,0.959221
-0.14639,49,0.978116
2.797049,49,1.012941
-0.555937,49,1.031827
4.695114,49,1.049302
-1.107833,49,1.082566
0.017181,49,1.102052
3.201692,49,1.163518
2.200544,49,1.182211
2.944552,49,1.201798
2.98366,49,1.238132
1.820219,49,1.259738
0.325126,49,1.277599
2.178295,49,1.316055
1.793025,49,1.335592
1.953039,49,1.374769
2.781812,49,1.394397
-1.244755,49,1.413487
-0.95481,49,1.447306
2.491437,49,1.464907
-0.802281,49,1.498441
1.414219,49,1.51693
0.677672,49,1.534348
3.682096,49,1.57306
1.993352,49,1.59539
1.038361,49,1.615601
1.613358,49,1.657178
1.212112,49,1.689904
0.517679,49,1.730237
1.900747,49,1.751366
0.391269,49,1.772059
2.71895,49,1.813641
1.512568,49,1.83575
1.137811,49,1.856984
3.328337,49,1.900915
-0.890081,49,1.924873
1.745561,49,1.970376
2.139907,49,1.993562
1.655597,49,2.017216
2.155974,49,2.062015
-0.243431,49,2.086523
-1.032689,49,2.130057
-1.023417,49,2.1535
0.645419,49,2.176805
1.372901,49,2.222977
-0.014359,49,2.246938
1.106389,49,2.271535
0.087008,49,2.32109
0.947179,49,2.349426
1.268543,49,2.398963
4.96767,49,2.424288
2.351545,49,2.448253
2.21777,49,2.497645
-0.276353,49,2.521842
0.827325,49,2.568041
1.532827,49,2.591859
2.755658,49,2.615432
3.115961,49,2.660807
1.765869,49,2.68491
1.237541,49,2.709605
1.052439,49,2.755574
2.916529,49,2.779571
0.971277,49,2.850728
3.121106,49,2.892844
1.173379,49,2.933517
2.698785,49,3.016022
3.291165,49,3.059026
1.348545,49,3.13986
1.012912,49,3.196365
0.610286,49,3.220152
-0.297317,49,3.265653
0.629996,49,3.290304
-3.555725,49,3.314325
0.488206,49,3.360204
1.796067,49,3.382729
1.091599,49,3.429446
-0.442219,49,3.454992
5.087652,49,3.478793
1.87389,49,3.526815
0.48756,49,3.550983
1.003604,49,3.575514
2.867319,49,3.6214
1.687028,49,3.645377
4.051242,49,3.691838
1.127799,49,3.715744
2.640668,49,3.739779
2.671667,49,3.785352
1.49259,49,3.809398
0.9182,49,3.85189
1.293467,49,3.882095
4.388274,49,3.899588
1.494585,49,3.933533
0.896387,49,3.950809
0.784979,49,3.969226
1.364995,49,4.003897
3.969309,49,4.02096
2.553839,49,4.054269
1.308203,49,4.073594
1.522561,49,4.090826
3.327557,49,4.12578
1.870803,49,4.143576
2.739274,49,4.17591
-0.059351,49,4.192965
1.174243,49,4.209562
0.675775,49,4.243601
3.185314,49,4.261215
0.946274,49,4.278589
3.405026,49,4.313406
2.589382,49,4.330622
0.470301,49,4.373879
0.69741,49,4.391729
3.148404,49,4.408997
4.9345,49,4.443005
5.276256,49,4.460236
2.236422,49,4.477703
4.632872,49,4.513475
2.898405,49,4.52997
3.512945,49,4.563366
3.282077,49,4.580842
3.35146,49,4.604037
3.470989,49,4.639369
6.49946,49,4.657254
3.480067,49,4.692928
3.817757,49,4.710538
4.039676,49,4.727906
-3.234742,49,4.76237
3.076169,49,4.780485
2.344226,49,4.798475
0.610973,49,4.835743
2.407964,49,4.864728
3.987046,49,4.900784
3.077734,49,4.920514
3.713997,49,4.939021
0.616323,49,4.97826
-0.746853,49,4.995853
2.495134,49,5.030411
4.321214,49,5.049276
4.230498,49,5.067377
4.010672,49,5.101707
4.73145,49,5.120271
2.199916,49,5.138222
3.781981,49,5.17395
4.082751,49,5.191321
4.014616,49,5.225997
1.889178,49,5.246977
4.089947,49,5.264749
1.501119,49,5.299413
7.499228,49,5.316859
3.695048,49,5.350097
5.108651,49,5.367359
1.947118,49,5.395218
3.233534,49,5.429355
3.536286,49,5.446463
2.828039,49,5.463679
4.141847,49,5.498214
2.700322,49,5.515103
6.708164,49,5.54784
2.293597,49,5.56533
4.497915,49,5.581714
1.826518,49,5.616
5.159193,49,5.634017
1.796952,49,5.650743
5.425738,49,5.684337
0.893462,49,5.701804
5.095908,49,5.734667
2.599118,49,5.753046
1.904592,49,5.770319
1.433678,49,5.804372
3.567028,49,5.821856
4.94535,49,5.857758
3.708961,49,5.888303
4.90657,49,5.907994
2.784201,49,5.950464
3.79717,49,5.971614
4.683191,49,5.991785
6.444309,49,6.033014
5.007352,49,6.055044
3.452916,49,6.102058
3.075065,49,6.125729
3.319122,49,6.149952
2.870734,49,6.193406
5.08261,49,6.211866
4.344997,49,6.246065
1.579568,49,6.263017
2.896585,49,6.280209
4.865065,49,6.314919
4.774065,49,6.332773
2.699235,49,6.351236
1.29569,49,6.392082
0.359033,49,6.414359
3.537191,49,6.45542
3.507744,49,6.488592
4.199004,49,6.509066
4.841204,49,6.551762
5.902823,49,6.572539
2.701338,49,6.612339
4.766054,49,6.633599
4.222365,49,6.654875
5.039206,49,6.696213
5.658798,49,6.717312
4.223519,49,6.738826
4.866422,49,6.78073
3.276278,49,6.798393
1.333317,49,6.834439
5.094481,49,6.853266
4.381962,49,6.871886
3.325653,49,6.906862
4.949961,49,6.92477
4.757398,49,6.943107
6.25139,49,6.980868
3.961863,49,7.001784
3.357992,49,7.052434
4.64522,49,7.072509
3.723394,49,7.091934
3.798173,49,7.129161
3.669525,49,7.149357
5.426197,49,7.193107
2.478531,49,7.218199
5.122981,49,7.243613
7.030655,49,7.290069
4.535321,49,7.314157
5.713951,49,7.338782
4.976755,49,7.387011
3.020658,49,7.411537
4.32381,49,7.458421
3.520936,49,7.482928
5.796824,49,7.507324
4.293332,49,7.552687
4.905496,49,7.576833
4.357683,49,7.624082
6.021674,49,7.648405
4.653023,49,7.685086
3.318216,49,7.724353
5.126112,49,7.743611
4.155396,49,7.76204
2.405523,49,7.79767
6.023049,49,7.816659
5.09707,49,7.852202
5.733801,49,7.870941
5.158837,49,7.890918
5.224816,49,7.92628
5.222859,49,7.943612
5.533872,49,7.960583
2.180883,49,7.995137
3.609915,49,8.012136
3.72759,49,8.047181
6.837534,49,8.065547
4.279281,49,8.082736
4.664352,49,8.118445
4.792099,49,8.136327
4.583648,49,8.170632
4.524132,49,8.189986
5.575008,49,8.224469
4.598673,49,8.269549
5.701667,49,8.292852
5.014609,49,8.316731
2.515752,49,8.360707
6.83526,49,8.382113
2.930549,49,8.425096
5.010408,49,8.447714
5.714028,49,8.469941
6.854382,49,8.511919
4.62442,49,8.533779
6.246713,49,8.573925
5.228474,49,8.595944
5.410775,49,8.617011
4.529488,49,8.665593
4.401522,49,8.686192
6.340825,49,8.704998
4.619761,49,8.746153
5.89139,49,8.76492
4.099112,49,8.798745
6.139455,49,8.830684
4.517325,49,8.849046
3.220018,49,8.884047
5.672487,49,8.900995
2.000304,49,8.934052
4.443054,49,8.950786
5.584729,49,8.966763
5.54602,49,9.002637
6.761893,49,9.020598
5.443805,49,9.037397
6.912514,49,9.072342
5.964752,49,9.091626
4.025552,49,9.12687
6.229037,49,9.144815
7.126972,49,9.163464
4.337971,49,9.200114
5.585413,49,9.218733
4.838303,49,9.236017
6.359031,49,9.271603
5.926269,49,9.288003
4.781798,49,9.322374
5.081994,49,9.349656
3.563797,49,9.368214
5.374538,49,9.403472
6.770089,49,9.42203
6.31443,49,9.45765
4.102483,49,9.475667
5.866653,49,9.49328
3.93391,49,9.52823
6.737659,49,9.544705
5.243557,49,9.561586
6.2002,49,9.596676
6.900514,49,9.61555
3.370841,49,9.649089
5.941978,49,9.667282
6.880606,49,9.684247
6.822436,49,9.718687
6.123185,49,9.736054
5.598787,49,9.77076
6.112034,49,9.788512
4.913948,49,9.806983
7.136001,49,9.853269
6.340499,49,9.871581
3.616975,49,9.888376
6.172395,49,9.922485
5.913118,49,9.939997
6.548019,49,9.97194
5.178553,49,9.989224
7.10097,49,10.006543
4.710061,49,10.041154
6.320466,49,10.058758
6.277181,49,10.092515
4.789027,49,10.111717
5.102746,49,10.129853
5.983324,49,10.165662
5.552759,49,10.184046
6.503946,49,10.201691
5.643198,49,10.239396
5.095711,49,10.257421
5.241463,49,10.294463
6.730237,49,10.31429
6.377369,49,10.343466
7.044323,49,10.381425
5.117467,49,10.40128
5.180711,49,10.420305
7.269265,49,10.460416
6.016288,49,10.479684
6.916081,49,10.51658
5.376443,49,10.536307
5.678378,49,10.555808
6.260825,49,10.591104
5.922028,49,10.608222
6.697575,49,10.643575
6.020595,49,10.662469
5.311289,49,10.679947
4.220178,49,10.716298
6.043211,49,10.734578
5.680475,49,10.753502
4.20133,49,10.791163
7.028745,49,10.810796
5.648518,49,10.848787
5.577537,49,10.868691
7.355411,49,10.899062
3.297094,49,10.93764
5.726728,49,10.957197
6.498222,49,10.993274
5.8767,49,11.014007
6.251086,49,11.03316
3.840929,49,11.07324
5.39109,49,11.092086
4.323868,49,11.112187
5.923725,49,11.149957
3.643451,49,11.16988
6.020723,49,11.206837
6.980773,49,11.226292
4.547428,49,11.246584
5.581028,49,11.285745
7.253977,49,11.30494
5.911439,49,11.324414
6.866854,49,11.362842
7.245826,49,11.382519
7.710312,49,11.420453
5.384499,49,11.450923
5.948066,49,11.4699
4.955605,49,11.509556
5.624376,49,11.52918
5.415377,49,11.565101
4.928836,49,11.584687
4.845206,49,11.604613
4.091876,49,11.646749
6.471976,49,11.667207
4.87763,49,11.689279
3.587892,49,11.731951
4.425288,49,11.753726
4.53643,49,11.794385
6.423456,49,11.815796
4.426201,49,11.836945
4.305047,49,11.878267
4.790162,49,11.900327
7.272399,49,11.941708
7.002312,49,11.964391
6.902405,49,11.986021
5.72902,49,12.027212
5.431803,49,12.061418
6.520703,49,12.082899
6.124321,49,12.126712
7.168897,49,12.147439
6.806143,49,12.187423
4.548414,49,12.210136
4.638568,49,12.230013
6.679915,49,12.268161
5.981336,49,12.286562
5.027839,49,12.319856
5.188409,49,12.33713
4.250829,49,12.352801
5.912499,49,12.385876
4.638488,49,12.403628
5.353698,49,12.420441
7.181336,49,12.45472
4.022391,49,12.47243
7.232917,49,12.505573
7.626317,49,12.524017
6.022155,49,12.542259
5.551773,49,12.581486
4.744633,49,12.60015
5.917122,49,12.618566
5.826362,49,12.653296
5.672274,49,12.670835
6.944542,49,12.710202
4.942766,49,12.727957
5.045587,49,12.745548
6.540261,49,12.781051
6.486726,49,12.799627
6.148403,49,12.842295
5.547137,49,12.860701
7.484371,49,12.879255
5.026327,49,12.914792
6.241279,49,12.932736
6.751047,49,12.949675
6.872656,49,12.984915
7.149315,49,13.003202
4.108332,49,13.03729
6.2547,49,13.055956
6.034351,49,13.083349
5.26765,49,13.117806
5.497894,49,13.135132
3.385749,49,13.167135
6.634589,49,13.186516
6.318823,49,13.20812
7.009879,49,13.249941
3.594052,49,13.271556
5.238418,49,13.291674
3.657138,49,13.333791
3.947246,49,13.356122
6.151918,49,13.398929
7.085561,49,13.421677
6.176026,49,13.443515
6.34522,49,13.484833
6.524341,49,13.506561
5.78809,49,13.552403
5.101691,49,13.574214
4.812908,49,13.596185
5.504769,49,13.637021
7.055463,49,13.658065
7.153375,49,13.684822
6.553981,49,13.726077
7.104306,49,13.746624
5.299107,49,13.788721
6.509608,49,13.81042
6.131645,49,13.832476
6.001128,49,13.873297
6.744009,49,13.895227
6.602299,49,13.916151
6.710356,49,13.956871
4.744014,49,13.978609
7.434034,49,14.023669
7.281346,49,14.046105
5.782384,49,14.065805
6.003735,49,14.104126
6.486954,49,14.122126
5.931552,49,14.161642
6.864156,49,14.182241
5.922066,49,14.206509
5.186759,49,14.24699
5.370688,49,14.27706
5.149087,49,14.302573
6.626447,49,14.357306
5.818977,49,14.377109
6.391208,49,14.422502
6.424593,49,14.444186
6.10089,49,14.469493
5.549621,49,14.504522
5.597756,49,14.521532
5.741638,49,14.556016
4.218748,49,14.574342
5.216361,49,14.591325
4.99985,49,14.633187
4.317398,49,14.660474
7.206915,49,14.693732
6.226207,49,14.780384
4.984538,49,14.820077
6.7222,49,14.905201
7.119517,49,14.933598
5.049779,49,14.962161
6.561292,49,15.025255
6.014032,49,15.076194
7.273189,49,15.100485
7.84266,49,15.149429
7.689509,49,15.171762
5.830628,49,15.220594
4.692108,49,15.241093
5.879055,49,15.263813
6.27955,49,15.319183
8.203296,49,15.33699
6.140936,49,15.373408
7.08968,49,15.392576
6.364608,49,15.409698
6.627615,49,15.447181
7.56078,49,15.466856
6.295827,49,15.485279
7.281136,49,15.520609
7.276088,49,15.5388
7.010741,49,15.57672
6.693591,49,15.595224
6.95697,49,15.612816
6.418507,49,15.659616
6.143885,49,15.67756
6.210952,49,15.713355
4.70732,49,15.730555
7.511654,49,15.748887
4.752588,49,15.784117
6.607319,49,15.800688
7.048395,49,15.818404
8.030474,49,15.851925
5.293087,49,15.868309
6.717577,49,15.905176
6.221001,49,15.923797
4.881117,49,15.942641
5.013709,49,15.977162
6.254146,49,15.994456
5.742146,49,16.034301
7.348782,49,16.058562
7.472361,49,16.082568
7.200748,49,16.127841
6.859225,49,16.150844
7.252632,49,16.17486
7.509764,49,16.233577
6.20187,49,16.256489
6.168185,49,16.300878
6.399282,49,16.323989
7.476907,49,16.347818
7.12976,49,16.404273
6.294038,49,16.433569
5.243109,49,16.465054
5.442015,49,16.51595
7.05665,49,16.533675
4.47457,49,16.56896
6.054879,49,16.586717
6.151474,49,16.603857
6.953425,49,16.63864
7.039611,49,16.656384
5.663549,49,16.694913
5.849308,49,16.714384
5.33377,49,16.732615
6.583199,49,16.766919
6.938414,49,16.784031
5.799766,49,16.812103
6.841156,49,16.847506
6.369864,49,16.86552
5.101356,49,16.900011
7.233149,49,16.917672
5.575227,49,16.935128
6.092025,49,16.97504
7.337148,49,16.997582
5.960327,49,17.042437
5.787246,49,17.065753
8.168236,49,17.089142
6.541939,49,17.135165
5.845976,49,17.15885
7.162651,49,17.18293
6.567401,49,17.227802
7.619146,49,17.25042
5.948302,49,17.295578
6.909763,49,17.31902
7.726469,49,17.343567
5.846945,49,17.387979
5.372791,49,17.424841
7.973114,49,17.479941
7.170835,49,17.512181
6.998746,49,17.542804
7.135928,49,17.59864
7.387734,49,17.629694
7.115383,49,17.65986
7.045622,49,17.717374
6.591561,49,17.747295
7.918204,49,17.808561
5.496368,49,17.83894
7.6585,49,17.869948
7.31673,49,17.920454
7.367664,49,17.945964
6.274252,49,17.97065
6.59193,49,18.019769
7.682703,49,18.044732
5.513821,49,18.09224
6.769255,49,18.117521
6.845513,49,18.143638
7.9342,49,18.192612
7.749622,49,18.233598
7.89514,49,18.281552
7.66386,49,18.307703
7.372464,49,18.333158
8.028791,49,18.3805
6.542564,49,18.406259
5.608697,49,18.432756
7.603534,49,18.481204
6.580458,49,18.506759
6.725116,49,18.550074
7.843608,49,18.571276
8.207097,49,18.598711
7.155068,49,18.635745
8.272866,49,18.658421
6.259381,49,18.694402
7.739301,49,18.712864
5.722891,49,18.730184
6.111006,49,18.766662
8.112547,49,18.783537
8.150551,49,18.801177
5.537596,49,18.846219
8.207289,49,18.864339
8.109619,49,18.905864
8.322891,49,18.923477
7.036909,49,18.941193
7.931141,49,18.975406
7.760071,49,18.996681
8.004505,49,19.014735
7.029589,49,19.049915
7.874861,49,19.070337
6.852825,49,19.108967
6.126138,49,19.130125
6.885263,49,19.152054
4.681559,49,19.199439
8.305141,49,19.220602
7.540469,49,19.263868
7.710729,49,19.284012
7.866037,49,19.302269
7.914695,49,19.33713
5.670582,49,19.355029
5.500031,49,19.373431
8.051195,49,19.419327
8.151644,49,19.436507
8.417664,49,19.474788
7.972944,49,19.496176
7.851094,49,19.51621
7.176618,49,19.556785
6.817077,49,19.577426
6.861877,49,19.620353
5.664052,49,19.642423
6.986292,49,19.662502
8.114911,49,19.707903
7.283017,49,19.726739
4.477457,49,19.744585
7.298601,49,19.785581
7.172802,49,19.806049
8.254467,49,19.848518
7.055604,49,19.86797
8.314078,49,19.885978
8.46797,49,19.921003
6.903597,49,19.938041
7.68221,49,19.988021
5.729467,49,20.006762
7.028284,49,20.024983
6.780918,49,20.059434
7.551741,49,20.07757
7.084048,49,20.095682
8.288097,49,20.129858
7.490757,49,20.148183
8.148005,49,20.181691
6.603562,49,20.199482
8.040924,49,20.216643
7.850867,49,20.250154
7.479492,49,20.267691
7.383733,49,20.285242
8.102733,49,20.319509
7.528575,49,20.336384
7.046473,49,20.371189
7.910693,49,20.388965
8.225633,49,20.419799
6.798178,49,20.498523
5.856986,49,20.53034
5.034802,49,20.596027
7.689128,49,20.620582
7.514433,49,20.645585
7.34796,49,20.688018
7.52567,49,20.705986
7.37089,49,20.722418
7.658968,49,20.75998
6.105793,49,20.777066
7.445969,49,20.811121
7.004078,49,20.82801
7.14268,49,20.846149
7.557801,49,20.880424
8.202862,49,20.897664
6.61616,49,20.930464
6.680338,49,20.948775
7.940374,49,20.965477
6.002991,49,20.999942
7.68799,49,21.017918
6.091334,49,21.034773
7.202999,49,21.068497
7.753497,49,21.090381
7.751512,49,21.123343
8.221484,49,21.140695
7.949794,49,21.157893
7.926791,49,21.190851
7.146616,49,21.20846
6.661448,49,21.242203
6.27495,49,21.265871
5.89955,49,21.285944
8.08261,49,21.327005
8.039527,49,21.347122
7.640252,49,21.366356
6.782668,49,21.403384
8.179853,49,21.421633
7.824165,49,21.455339
7.508783,49,21.473403
8.090708,49,21.491566
7.279059,49,21.531036
7.78062,49,21.550082
8.121108,49,21.568842
8.137622,49,21.617924
7.122805,49,21.637212
7.586143,49,21.674625
7.96019,49,21.692356
7.29565,49,21.710165
8.105065,49,21.743908
7.302838,49,21.761054
7.245816,49,21.795617
6.066483,49,21.815201
4.71707,49,21.835981
6.790591,49,21.876442
7.21068,49,21.896514
8.097694,49,21.916525
6.87441,49,21.955618
7.897627,49,21.975209
7.806113,49,22.019426
7.000669,49,22.040035
6.911052,49,22.058429
7.4577,49,22.095568
7.936429,49,22.114527
7.357393,49,22.153201
7.773697,49,22.177959
8.107798,49,22.195905
8.082822,49,22.235532
7.799613,49,22.254831
7.352345,49,22.273014
7.957559,49,22.312071
7.429639,49,22.331321
7.927244,49,22.368137
7.883969,49,22.386343
8.328549,49,22.405135
7.404693,49,22.442293
7.321032,49,22.461788
7.737791,49,22.478956
7.457522,49,22.513707
8.40903,49,22.530966
6.76016,49,22.565094
7.936975,49,22.584224
8.321191,49,22.603086
7.875556,49,22.63847
8.049982,49,22.655251
6.297416,49,22.699065
6.374119,49,22.716763
7.05218,49,22.733993
8.257381,49,22.769691
7.75872,49,22.788935
8.426648,49,22.809052
5.987487,49,22.845882
7.837007,49,22.866301
7.88484,49,22.911855
8.3017,49,22.935127
7.099421,49,22.960671
7.529159,49,23.003111
5.764567,49,23.020294
8.253453,49,23.060673
4.59037,49,23.081025
7.002164,49,23.100656
8.205493,49,23.13915
8.309818,49,23.15801
8.042711,49,23.177763
7.971903,49,23.214704
7.937848,49,23.244014
5.720842,49,23.31061
5.850268,49,23.341664
8.309818,49,23.387311
7.221441,49,23.484991
7.857912,49,23.549118
8.276725,49,23.608325
7.698794,49,23.631622
8.296976,49,23.652669
6.561323,49,23.697859
7.506488,49,23.721395
7.425663,49,23.742255
7.515309,49,23.785444
7.954842,49,23.806227
7.77838,49,23.84982
6.779273,49,23.870506
8.374416,49,23.895066
6.823942,49,23.931527
7.92587,49,23.949405
7.775023,49,23.968216
6.607323,49,24.006928
5.367936,49,24.036905
7.997926,49,24.078562
6.845354,49,24.098054
7.244618,49,24.116839
7.358798,49,24.153684
6.747927,49,24.171696
7.233401,49,24.20631
7.222408,49,24.225742
8.04736,49,24.24405
7.295012,49,24.27918
8.203296,49,24.297446
7.523176,49,24.315126
7.066525,49,24.349453
5.814549,49,24.367466
7.480599,49,24.404892
6.028574,49,24.424804
5.812392,49,24.444252
5.90682,49,24.483028
6.927834,49,24.501716
6.041539,49,24.541861
6.942305,49,24.565191
6.606485,49,24.583348
7.384931,49,24.62155
7.237895,49,24.640812
7.318622,49,24.659942
6.825498,49,24.697621
7.295548,49,24.717839
7.108961,49,24.761094
6.63161,49,24.782137
6.290587,49,24.803628
5.306739,49,24.844247
7.1192,49,24.865938
7.361853,49,24.907024
7.182941,49,24.928948
6.243261,49,24.949934
6.337407,49,24.990736
6.300328,49,25.012188
7.691691,49,25.033427
7.171237,49,25.079239
6.833838,49,25.102742
6.584403,49,25.148349
6.53082,49,25.177641
7.375336,49,25.202655
6.880462,49,25.248241
7.136224,49,25.272268
6.766,49,25.296368
7.718268,49,25.342196
7.445882,49,25.365716
7.914329,49,25.414419
8.292895,49,25.435276
7.336939,49,25.452182
6.984746,49,25.487726
7.198034,49,25.506202
7.401913,49,25.542159
7.815213,49,25.561314
7.204549,49,25.580081
7.293806,49,25.615596
7.591302,49,25.633807
7.597609,49,25.650558
6.810353,49,25.689079
6.115094,49,25.707113
7.614307,49,25.748437
6.773204,49,25.766452
5.765819,49,25.784248
7.736054,49,25.818646
8.31649,49,25.835598
7.048202,49,25.866939
6.421165,49,25.88474
6.856126,49,25.901674
7.819492,49,25.935197
7.688101,49,25.952225
7.858665,49,25.970336
7.798122,49,26.005035
6.361889,49,26.023049
7.162927,49,26.056047
7.550329,49,26.074081
6.898505,49,26.091427
7.72625,49,26.125792
7.837899,49,26.144934
8.299239,49,26.164402
7.623781,49,26.204405
7.565647,49,26.233308
8.230383,49,26.287015
7.839815,49,26.313286
7.876788,49,26.339538
7.630889,49,26.391085
7.708287,49,26.418433
7.834801,49,26.479608
7.623205,49,26.499187
7.393118,49,26.517758
7.769213,49,26.553159
7.681547,49,26.570061
7.745577,49,26.587525
7.449551,49,26.622103
8.165577,49,26.640881
7.225463,49,26.674785
7.348347,49,26.69292
7.280644,49,26.710448
7.958928,49,26.745396
7.606738,49,26.76265
7.628274,49,26.79807
8.010998,49,26.816784
7.976324,49,26.838882
7.378108,49,26.874248
8.006739,49,26.892598
7.633599,49,26.910772
7.645229,49,26.945793
7.302988,49,26.963857
8.20886,49,27.011647
7.789604,49,27.039393
7.277542,49,27.066679
7.567946,49,27.120004
6.587935,49,27.14652
7.491525,49,27.197898
6.650502,49,27.224912
8.119709,49,27.251086
7.591384,49,27.308298
6.809462,49,27.335719
7.279425,49,27.363431
7.333781,49,27.416385
7.027812,49,27.437636
8.104433,49,27.475129
7.29168,49,27.497823
8.191297,49,27.51641
7.66433,49,27.551976
7.234736,49,27.570927
7.014377,49,27.589385
7.330274,49,27.624215
7.872808,49,27.642372
6.908475,49,27.677065
7.129896,49,27.695538
7.571788,49,27.714201
7.121556,49,27.74958
7.619035,49,27.767339
8.180157,49,27.802964
7.522923,49,27.821603
7.690061,49,27.840353
8.191315,49,27.875879
8.201255,49,27.892808
7.000339,49,27.909458
7.731141,49,27.944192
8.079917,49,27.961027
7.883844,49,27.994298
6.865198,49,28.023679
7.702564,49,28.039691
8.223073,49,28.078858
7.953773,49,28.096388
7.98824,49,28.130759
7.683166,49,28.149487
7.96498,49,28.166885
6.492368,49,28.201656
6.920132,49,28.2192
8.181567,49,28.23535
6.419507,49,28.268173
8.236027,49,28.28576
6.938718,49,28.319211
7.741041,49,28.336978
8.142592,49,28.354717
7.473513,49,28.395114
8.142514,49,28.412108
7.86347,49,28.446037
7.130153,49,28.464551
7.856668,49,28.482208
5.693876,49,28.530474
6.389593,49,28.547982
6.928941,49,28.565663
7.540004,49,28.599869
8.144493,49,28.617613
7.588213,49,28.650479
8.075067,49,28.669756
7.99753,49,28.689196
6.607341,49,28.746199
6.413113,49,28.773087
7.800173,49,28.800938
6.764781,49,28.848611
7.988007,49,28.867887
7.504745,49,28.906238
7.625178,49,28.924515
8.192459,49,28.942994
8.04018,49,28.983009
8.282684,49,29.002245
8.073316,49,29.038859
7.863878,49,29.057984
7.795853,49,29.077478
8.004938,49,29.128765
7.620148,49,29.146631
7.537807,49,29.164819
8.115556,49,29.199673
7.975334,49,29.218106
7.204461,49,29.252193
7.649245,49,29.271011
7.814644,49,29.287884
7.750865,49,29.321659
7.759086,49,29.339539
8.290525,49,29.374509
7.72949,49,29.394488
8.118846,49,29.413328
8.077179,49,29.44983
7.783876,49,29.469663
7.603245,49,29.48889
8.063498,49,29.529233
7.589906,49,29.546521
8.114151,49,29.582475
7.990852,49,29.602141
7.562544,49,29.630559
8.092865,49,29.667923
8.193112,49,29.68714
8.204647,49,29.706996
6.544178,49,29.744773
8.030918,49,29.762228
6.657601,49,29.797853
7.124728,49,29.817114
7.573097,49,29.835217
8.236027,49,29.871412
7.841446,49,29.889805
8.062841,49,29.92289
8.096592,49,29.940483
8.065628,49,29.956629
8.144493,49,29.990553
8.254467,49,30.007502
8.061141,49,30.025194
7.69485,49,30.059394
6.744208,49,30.077595
8.098203,49,30.111191
8.109498,49,30.139232
8.311518,49,30.156823
8.010998,49,30.190541
8.109263,49,30.207261
8.132774,49,30.241518
8.200169,49,30.260059
7.589374,49,30.279969
8.068983,49,30.316655
7.649245,49,30.336771
8.298676,49,30.355661
6.903608,49,30.392518
7.839241,49,30.412104
6.163483,49,30.447779
7.812613,49,30.467488
8.106082,49,30.487453
7.535744,49,30.524645
6.481312,49,30.544516
8.034007,49,30.581998
7.573097,49,30.602836
7.818171,49,30.622809
8.207193,49,30.659565
8.236027,49,30.69094
8.137513,49,30.711893
6.54191,49,30.749938
6.983723,49,30.769651
7.977276,49,30.80764
8.328945,49,30.826937
8.181831,49,30.846582
6.694848,49,30.883116
8.209107,49,30.902695
8.307861,49,30.922949
6.568808,49,30.964341
5.368168,49,30.985116
6.499418,49,31.026372
8.045982,49,31.047799
5.945455,49,31.071114
5.948376,49,31.122596
7.980071,49,31.150183
7.824821,49,31.200567
6.968674,49,31.228641
6.370028,49,31.258656
7.936498,49,31.322001
8.12435,49,31.352769
5.089392,49,31.38341
8.246444,49,31.449806
6.489746,49,31.481213
8.077758,49,31.540669
8.234067,49,31.571076
8.12861,49,31.601911
6.970374,49,31.659964
7.220977,49,31.690795
7.770703,49,31.746967
6.316537,49,31.779769
6.886675,49,31.811375
8.008719,49,31.868173
8.126786,49,31.898417
7.816947,49,31.928442
7.373352,49,31.987964
8.128514,49,32.018479
7.999332,49,32.076192
7.21377,49,32.107294
7.986866,49,32.13757
8.157063,49,32.204049
7.68323,49,32.235322
8.151364,49,32.294808
8.280323,49,32.327601
8.144493,49,32.358175
6.394194,49,32.41708
6.909045,49,32.447788
8.383229,49,32.477885
7.995547,49,32.538781
7.030005,49,32.568478
7.4424,49,32.626454
8.181096,49,32.65733
8.309818,49,32.687263
8.062228,49,32.74414
8.109263,49,32.774788
6.871394,49,32.805889
8.306841,49,32.864793
8.167141,49,32.895653
8.394885,49,32.954824
8.242242,49,32.985048
8.243957,49,33.022175
6.31428,49,33.082741
6.877127,49,33.114045
5.421206,49,33.172189
6.878338,49,33.203635
8.15267,49,33.233699
8.056693,49,33.285862
6.493684,49,33.310529
8.058512,49,33.33492
8.246502,49,33.382355
8.254343,49,33.408623
8.12669,49,33.458568
5.11749,49,33.484191
7.868137,49,33.513828
8.170747,49,33.577158
8.123837,49,33.612069
6.319619,49,33.675343
8.156933,49,33.729302
8.030918,49,33.751463
8.09064,49,33.786564
7.722031,49,33.808889
8.114755,49,33.827071
8.205783,49,33.864022
6.869932,49,33.88146
8.029836,49,33.914592
8.274897,49,33.933415
7.784911,49,33.950967
6.952156,49,33.985385
8.063732,49,34.002373
7.827773,49,34.019993
7.6977,49,34.05554
5.675789,49,34.073363
7.07828,49,34.10692
6.904674,49,34.124553
7.085729,49,34.141491
8.082462,49,34.175719
6.777692,49,34.19255
8.073316,49,34.226128
6.284764,49,34.243821
7.734947,49,34.260804
8.07611,49,34.295695
7.818171,49,34.317689
7.630263,49,34.335621
7.35496,49,34.368526
7.857305,49,34.386038
8.062841,49,34.421569
7.985695,49,34.439737
8.116611,49,34.456843
7.98706,49,34.493871
6.895847,49,34.510494
7.6464,49,34.543738
7.387927,49,34.563223
8.027202,49,34.580295
6.766682,49,34.614191
6.707638,49,34.632086
8.09542,49,34.648983
7.641644,49,34.683107
7.788681,49,34.701947
7.637023,49,34.735603
7.703025,49,34.753968
7.720476,49,34.771875
8.057282,49,34.810088
7.106619,49,34.827517
7.988007,49,34.863521
7.64381,49,34.88162
8.080429,49,34.900902
7.997825,49,34.934804
8.105238,49,34.952782
7.720476,49,34.969031
6.777452,49,35.00481
6.825359,49,35.021946
8.350136,49,35.055878
8.030918,49,35.074489
8.052884,49,35.09202
8.04112,49,35.126404
8.240286,49,35.145124
8.333102,49,35.164663
7.724736,49,35.210626
6.774099,49,35.232965
7.649489,49,35.274405
8.253103,49,35.296202
7.616269,49,35.31869
8.130432,49,35.366066
8.241178,49,35.390808
7.68323,49,35.436047
7.327142,49,35.460401
7.66915,49,35.484004
6.832992,49,35.529924
6.455925,49,35.55431
6.912501,49,35.578032
7.622453,49,35.62408
6.838874,49,35.648078
7.658709,49,35.693364
8.072644,49,35.717359
7.876443,49,35.741164
8.082462,49,35.788189
7.582793,49,35.812732
8.23136,49,35.857282
7.856416,49,35.882024
7.42729,49,35.905778
7.663834,49,35.955374
7.75467,49,35.979617
7.182717,49,36.007959
7.816006,49,36.053412
8.263882,49,36.076837
8.315778,49,36.121746
8.309818,49,36.145388
7.77135,49,36.167596
7.747949,49,36.205234
8.203531,49,36.223467
8.272866,49,36.258483
8.205493,49,36.279458
8.282684,49,36.299579
7.449182,49,36.337301
7.705819,49,36.356972
7.647836,49,36.376781
7.522528,49,36.415977
7.988721,49,36.435023
7.882143,49,36.472473
8.082462,49,36.492793
7.776253,49,36.512699
7.591302,49,36.550644
6.868483,49,36.573432
6.989757,49,36.593116
8.255648,49,36.633139
7.694995,49,36.652341
7.431955,49,36.691022
6.932615,49,36.711647
6.935074,49,36.732428
7.224671,49,36.774659
8.287337,49,36.796061
7.862893,49,36.83733
7.637461,49,36.859077
7.63273,49,36.876456
7.715745,49,36.911272
7.774699,49,36.928887
7.870886,49,36.945978
8.285537,49,36.979597
8.058174,49,36.997419
8.164666,49,37.03055
8.053914,49,37.049787
7.635411,49,37.067608
7.897922,49,37.101818
7.335358,49,37.129866
8.049221,49,37.162673
7.809344,49,37.180815
8.29445,49,37.197757
7.204472,49,37.231387
7.40688,49,37.248817
6.79472,49,37.264789
6.960457,49,37.301301
8.268606,49,37.320092
7.809655,49,37.354204
7.964075,49,37.371727
7.081389,49,37.389557
8.272866,49,37.423898
7.590213,49,37.442073
8.177219,49,37.460482
8.00118,49,37.497075
8.159366,49,37.51421
8.210046,49,37.548728
7.546336,49,37.567668
8.300008,49,37.585003
8.283077,49,37.628773
8.275879,49,37.645344
8.242242,49,37.678045
7.223339,49,37.696892
6.90296,49,37.714088
6.877989,49,37.748234
8.07419,49,37.766004
7.961604,49,37.783141
7.720476,49,37.817033
7.708927,49,37.834975
8.110335,49,37.870447
8.033771,49,37.889194
5.331838,49,37.905648
8.04112,49,37.939898
8.105238,49,37.957931
8.115556,49,37.993516
8.090085,49,38.015816
8.198671,49,38.037685
8.318134,49,38.08373
6.680876,49,38.107541
6.853449,49,38.13175
8.147582,49,38.182374
7.571788,49,38.206907
8.1114,49,38.256186
7.910688,49,38.285014
7.06618,49,38.311343
8.031376,49,38.365018
8.044218,49,38.391424
7.734947,49,38.448196
8.032047,49,38.479401
8.105238,49,38.510099
7.929419,49,38.568606
8.034007,49,38.598745
8.142592,49,38.627905
8.103705,49,38.669816
6.861567,49,38.691809
6.774219,49,38.735024
8.029091,49,38.756975
7.965431,49,38.77934
8.318631,49,38.822427
8.019929,49,38.844147
5.625546,49,38.877838
8.128514,49,38.915655
8.029747,49,38.935368
8.057282,49,38.972408
7.87377,49,38.992691
7.988007,49,39.010682
8.150934,49,39.049592
8.03686,49,39.068237
8.034777,49,39.100553
7.519557,49,39.119716
7.993565,49,39.137936
8.048478,49,39.173902
8.069056,49,39.19377
8.102533,49,39.213946
8.282684,49,39.256012
8.109498,49,39.277884
8.320431,49,39.318663
7.237985,49,39.339568
8.114151,49,39.359768
8.082462,49,39.401105
8.149657,49,39.435542
7.888104,49,39.47762
7.68323,49,39.50094
8.082462,49,39.521834
7.241325,49,39.576533
7.187026,49,39.612334
7.156526,49,39.646906
6.543855,49,39.714667
7.159043,49,39.749208
5.904468,49,39.816897
7.109856,49,39.853317
6.940879,49,39.888938
6.996625,49,39.956827
6.963394,49,39.991916
6.305193,49,40.057536
7.044852,49,40.093585
7.384329,49,40.129016
6.931867,49,40.181266
5.400665,49,40.206238
6.790198,49,40.230357
7.997825,49,40.278616
7.829501,49,40.308003
7.887176,49,40.354787
8.123969,49,40.380966
7.177587,49,40.405955
7.9925,49,40.453972
7.391687,49,40.479341
8.082462,49,40.503919
7.569591,49,40.555081
7.413585,49,40.580516
7.519864,49,40.632525
7.557724,49,40.659869
7.642588,49,40.68818
7.07925,49,40.740648
7.622453,49,40.769725
7.223787,49,40.830314
7.739207,49,40.862677
6.17688,49,40.890157
7.871018,49,40.944915
7.252699,49,40.973193
8.123969,49,41.001075
7.619412,49,41.061088
8.123969,49,41.08959
7.626088,49,41.155542
8.109498,49,41.189208
8.010468,49,41.222163
8.062841,49,41.284278
8.176297,49,41.316476
8.029747,49,41.378137
6.900556,49,41.411876
7.04407,49,41.443713
6.802864,49,41.504898
8.051615,49,41.537289
5.648821,49,41.568558
8.118092,49,41.628307
8.057282,49,41.660767
6.368696,49,41.721951
7.219961,49,41.755512
7.781991,49,41.786873
8.072742,49,41.838232
7.816703,49,41.866113
7.950297,49,41.892405
7.012907,49,41.949637
8.126786,49,41.975965
6.906834,49,42.026562
5.576928,49,42.052809
5.451508,49,42.079156
6.477281,49,42.131411
6.802587,49,42.158653
8.163573,49,42.215826
8.026386,49,42.245779
8.128514,49,42.276649
6.992886,49,42.334622
8.019929,49,42.365402
8.026386,49,42.395279
8.138332,49,42.452833
8.053023,49,42.483838
8.170857,49,42.542211
8.132774,49,42.56717
8.318631,49,42.587907
8.155759,49,42.631026
7.979817,49,42.65163
8.128514,49,42.695415
7.669152,49,42.715346
6.954784,49,42.733784
6.694848,49,42.770327
8.179021,49,42.790047
8.114066,49,42.809892
8.034007,49,42.846636
7.978422,49,42.866359
6.108642,49,42.902024
7.67897,49,42.920646
8.297155,49,42.938727
7.886509,49,42.976201
7.68323,49,42.994528
7.973222,49,43.033157
7.9925,49,43.054934
6.775009,49,43.075911
8.109498,49,43.116401
8.063732,49,43.137986
8.226024,49,43.158711
6.620341,49,43.195985
7.079356,49,43.218058
6.920059,49,43.253855
6.968049,49,43.273154
6.932565,49,43.293447
6.503055,49,43.337091
7.42429,49,43.360259
6.890668,49,43.382725
6.456762,49,43.426245
7.934073,49,43.448057
7.108298,49,43.490788
7.033051,49,43.512125
7.442396,49,43.534673
7.924148,49,43.591266
7.317133,49,43.63204
5.731487,49,43.748263
7.725573,49,43.810099
7.292413,49,43.871221
7.827171,49,43.987338
7.925806,49,44.031398
7.820058,49,44.076046
7.952433,49,44.18229
7.608543,49,44.233915
7.499538,49,44.315606
8.107138,49,44.344175
7.122362,49,44.372076
7.122362,49,44.425028
6.361584,49,44.4528
7.976605,49,44.508084
7.675236,49,44.536851
8.241804,49,44.564199
8.109498,49,44.61617
5.977634,49,44.643753
6.510403,49,44.670379
8.109498,49,44.725363
7.74632,49,44.752425
6.323807,49,44.812208
8.062841,49,44.845165
8.09542,49,44.876661
8.102533,49,44.936456
7.94262,49,44.96754
7.804697,49,45.004705
8.227333,49,45.026336
7.971454,49,45.044209
7.724736,49,45.078994
8.109498,49,45.096536
8.09968,49,45.113793
6.900107,49,45.148195
6.380638,49,45.165273
8.26328,49,45.199286
6.806366,49,45.217317
6.820355,49,45.234095
7.705727,49,45.266898
8.149705,49,45.283659
7.402136,49,45.300802
6.582313,49,45.334573
8.102533,49,45.35263
8.10641,49,45.385216
8.09968,49,45.403316
8.09968,49,45.420001
8.149705,49,45.452618
8.109498,49,45.469863
8.223073,49,45.503444
8.069056,49,45.525756
8.069056,49,45.541962
8.123969,49,45.575986
8.105238,49,45.593823
8.069056,49,45.612182
8.018537,49,45.64586
8.511275,49,45.663521
8.135627,49,45.69793
8.400284,49,45.716229
8.36549,49,45.734797
6.983732,49,45.773385
6.828363,49,45.793837
7.091748,49,45.833612
6.787357,49,45.855469
6.976619,49,45.875879
6.659704,49,45.915616
7.723545,49,45.936506
6.536979,49,45.956711
8.426648,49,45.998628
8.247655,49,46.020133
7.011982,49,46.064783
8.246349,49,46.08637
8.138332,49,46.10734
6.936053,49,46.147439
6.85696,49,46.169154
6.581077,49,46.190139
6.751321,49,46.232128
8.223073,49,46.252602
8.109263,49,46.294369
8.145445,49,46.314743
7.972749,49,46.335644
8.132774,49,46.375467
8.311518,49,46.396943
8.105238,49,46.436888
7.999247,49,46.459533
8.000257,49,46.480586
8.063498,49,46.520197
8.319636,49,46.540734
8.286709,49,46.560858
8.286709,49,46.602349
7.659963,49,46.624084
8.109498,49,46.671986
8.080429,49,46.693395
8.109498,49,46.71534
7.245829,49,46.756546
8.117616,49,46.778184
8.149705,49,46.820691
7.665521,49,46.841937
8.105238,49,46.865653
8.278424,49,46.906077
8.105238,49,46.927661
8.09542,49,46.947902
8.123969,49,46.989931
8.282684,49,47.012045
8.000802,49,47.053841
8.09968,49,47.075614
8.131212,49,47.09759
7.843738,49,47.139954
8.058174,49,47.160856
8.09968,49,47.20328
6.950598,49,47.224905
7.221011,49,47.252083
7.115019,49,47.29319
8.067992,49,47.313758
7.65222,49,47.336242
8.072644,49,47.378122
7.870886,49,47.400087
8.082462,49,47.437352
8.255648,49,47.455155
7.680373,49,47.472705
7.739207,49,47.510504
7.687882,49,47.528554
6.958606,49,47.546538
7.761646,49,47.582365
7.177011,49,47.600809
7.537959,49,47.634984
7.236232,49,47.652257
7.333957,49,47.668873
7.739207,49,47.703114
7.703544,49,47.722089
6.963259,49,47.756592
7.729389,49,47.779152
7.190001,49,47.797536
7.687882,49,47.835317
7.739371,49,47.853555
8.065446,49,47.871248
7.221011,49,47.914755
7.647048,49,47.933541
6.937414,49,47.968333
7.221011,49,47.987295
7.680598,49,48.005043
7.876035,49,48.039164
7.665902,49,48.056883
8.123969,49,48.089207
8.123969,49,48.106476
8.023513,49,48.12277
6.849847,49,48.155971
8.080429,49,48.174123
8.02755,49,48.190913
7.924766,49,48.225841
7.997825,49,48.243415
7.419007,49,48.277056
6.42706,49,48.298996
6.859665,49,48.316214
8.033771,49,48.35109
6.686305,49,48.368367
6.682045,49,48.399887
8.109263,49,48.418667
8.138332,49,48.435647
8.059238,49,48.46939
6.636486,49,48.487255
8.069056,49,48.504206
6.866778,49,48.53753
8.073316,49,48.55485
8.109498,49,48.588291
8.069056,49,48.607086
8.073316,49,48.625268
8.050718,49,48.658628
8.073316,49,48.676634
8.063732,49,48.695462
8.076169,49,48.735989
8.070771,49,48.756911
7.825383,49,48.799813
8.075105,49,48.818588
7.494215,49,48.835509
7.703025,49,48.870412
7.415136,49,48.887975
8.087787,49,48.921291
8.073316,49,48.940296
7.963065,49,48.956686
8.09968,49,48.990222
6.863925,49,49.008141
8.077175,49,49.025177
7.87333,49,49.060415
7.798208,49,49.078757
8.053914,49,49.112192
7.884236,49,49.129156
8.103539,49,49.146453
7.62299,49,49.180662
7.066764,49,49.19837
8.082462,49,49.233854
8.063498,49,49.254284
8.09542,49,49.272664
7.439949,49,49.314205
7.725129,49,49.333904
6.762236,49,49.352208
8.073316,49,49.389429
7.820234,49,49.408285
7.82086,49,49.446475
7.680524,49,49.465656
8.095813,49,49.484671
7.83375,49,49.52183
7.673411,49,49.540776
8.070099,49,49.559721
7.599827,49,49.596276
7.662038,49,49.614703
6.727782,49,49.651085
7.587735,49,49.670707
7.695155,49,49.693057
7.966653,49,49.738519
8.123969,49,49.762418
8.114151,49,49.808763
8.114151,49,49.833753
7.729389,49,49.862694
8.078488,49,49.908539
8.072644,49,49.933686
8.114151,49,49.956243
8.09968,49,50.001137
7.706925,49,50.024474
8.055628,49,50.070888
6.683078,49,50.093768
8.082462,49,50.117375
7.121881,49,50.161931
7.212502,49,50.186065
7.544871,49,50.237195
7.370534,49,50.262753
7.2102,49,50.289241
7.673411,49,50.339887
8.09968,49,50.36611
7.560292,49,50.390206
8.093879,49,50.434442
8.087787,49,50.458195
8.058174,49,50.501542
7.658973,49,50.529328
7.577713,49,50.552403
7.127109,49,50.591708
7.149166,49,50.60824
7.611385,49,50.642678
7.043174,49,50.661049
7.190837,49,50.677962
7.163637,49,50.712216
6.1287,49,50.730338
8.010618,49,50.748514
7.647048,49,50.783585
8.010618,49,50.801105
7.62331,49,50.835363
7.606563,49,50.853057
7.183837,49,50.871574
7.920655,49,50.908411
7.661518,49,50.927815
7.078837,49,50.946543
6.701418,49,50.984436
6.452201,49,51.003841
7.550364,49,51.041433
7.644478,49,51.065147
7.533928,49,51.08343
8.010618,49,51.121556
7.661518,49,51.139944
7.661518,49,51.175581
7.625856,49,51.195007
8.087787,49,51.215148
8.037653,49,51.257402
7.996147,49,51.277859
7.96153,49,51.29894
7.610493,49,51.339602
7.036425,49,51.360071
7.647048,49,51.400081
6.34854,49,51.422193
7.699912,49,51.444065
7.688554,49,51.484987
6.234691,49,51.505347
7.176201,49,51.547485
7.625856,49,51.568639
7.839692,49,51.589111
7.661518,49,51.634759
8.008072,49,51.655754
7.5166,49,51.678836
7.575434,49,51.720191
8.02755,49,51.741041
8.010618,49,51.7821
5.814266,49,51.803434
8.073316,49,51.823362
8.033394,49,51.865042
8.080982,49,51.885489
8.070747,49,51.926118
8.069056,49,51.947965
8.066487,49,51.96811
8.132738,49,52.009219
8.069056,49,52.030378
8.076169,49,52.051466
6.942215,49,52.091793
7.711889,49,52.113686
6.935102,49,52.154981
7.152649,49,52.17706
6.892759,49,52.198516
6.489542,49,52.245348
8.109263,49,52.265741
8.10215,49,52.286906
7.963065,49,52.328183
6.45023,49,52.350023
8.137281,49,52.391009
7.715316,49,52.412814
7.991887,49,52.435806
8.042021,49,52.478861
8.02755,49,52.499336
8.027835,49,52.540329
8.03181,49,52.56194
7.577644,49,52.582289
7.831048,49,52.623109
7.882646,49,52.643962
7.478972,49,52.664855
8.073316,49,52.705874
7.533928,49,52.727337
8.210839,49,52.776716
7.860184,49,52.803796
6.801226,49,52.836147
7.724736,49,52.887327
8.03181,49,52.913226
7.652891,49,52.959306
8.006358,49,52.978966
7.611385,49,52.996758
8.037653,49,53.031148
8.02924,49,53.048701
7.611385,49,53.067707
7.996147,49,53.104001
6.401993,49,53.121422
8.037818,49,53.15828
7.348147,49,53.177341
7.559129,49,53.194755
7.149166,49,53.229547
7.625856,49,53.247265
7.059855,49,53.264934
7.625856,49,53.298847
7.902081,49,53.317237
7.62331,49,53.353057
7.134695,49,53.375108
7.134695,49,53.393097
7.569085,49,53.427946
8.087787,49,53.445545
7.946133,49,53.479609
7.07021,49,53.496805
8.03181,49,53.514236
8.010618,49,53.550132
8.037653,49,53.568603
6.704023,49,53.58633
7.996147,49,53.620594
8.037653,49,53.637404
8.037653,49,53.672162
7.611385,49,53.690084
8.052124,49,53.706966
7.611385,49,53.742653
8.04628,49,53.760317
7.625856,49,53.794542
7.890155,49,53.812084
7.720546,49,53.828995
7.986329,49,53.86226
7.638771,49,53.88455
8.03181,49,53.902025
7.996147,49,53.938906
7.601567,49,53.958014
7.611385,49,53.994519
7.996147,49,54.014426
7.625856,49,54.032907
8.042306,49,54.069892
8.03181,49,54.089273
7.986329,49,54.128675
7.986329,49,54.152388
8.036462,49,54.175951
7.52411,49,54.219506
7.611385,49,54.243506
7.996147,49,54.267724
8.063498,49,54.319168
8.236684,49,54.345092
7.717876,49,54.39909
8.063498,49,54.427564
8.027835,49,54.453809
7.712286,49,54.50914
8.064903,49,54.534208
8.03011,49,54.552676
8.021992,49,54.586857
7.986329,49,54.603813
8.073316,49,54.637918
7.986329,49,54.654862
7.986329,49,54.672472
8.037653,49,54.708042
7.996147,49,54.726489
7.996147,49,54.760781
8.03181,49,54.778414
8.073316,49,54.796232
7.890155,49,54.831366
8.052124,49,54.849336
8.027835,49,54.867957
8.054978,49,54.903701
8.073316,49,54.921671
8.03181,49,54.955057
7.629339,49,54.973175
8.072016,49,54.990423
8.10641,49,55.034262
7.895697,49,55.050873
8.073316,49,55.085784
8.069056,49,55.103666
8.166748,49,55.122011
8.106803,49,55.157076
7.992909,49,55.174762
8.10215,49,55.191893
8.186891,49,55.226984
8.219985,49,55.244555
6.734157,49,55.279704
6.956704,49,55.297653
6.899871,49,55.315249
6.890053,49,55.348644
8.21728,49,55.366785
8.113523,49,55.402354
8.280749,49,55.421339
6.774364,49,55.438515
8.092332,49,55.471916
8.338234,49,55.489156
6.882941,49,55.517428
8.074469,49,55.564647
8.111823,49,55.59153
6.94209,49,55.647956
8.017732,49,55.678499
6.764546,49,55.710065
8.232424,49,55.772811
8.232424,49,55.803859
8.276891,49,55.834925
8.272866,49,55.893924
8.272866,49,55.924064
8.017732,49,55.982561
8.09968,49,56.013046
8.272866,49,56.04358
7.637749,49,56.11133
7.637749,49,56.146647
8.058174,49,56.224329
7.643073,49,56.266274
7.810935,49,56.306726
8.2271,49,56.386607
7.466004,49,56.449705
7.6243,49,56.47101
8.245321,49,56.511006
8.059758,49,56.531489
8.25088,49,56.571671
6.82759,49,56.592556
7.601567,49,56.613283
8.159515,49,56.652076
8.210168,49,56.672627
7.820753,49,56.712374
7.662038,49,56.733116
7.556046,49,56.753576
7.601567,49,56.792502
7.982069,49,56.812328
7.679255,49,56.833796
7.541042,49,56.873677
8.232424,49,56.893934
8.063498,49,56.931685
8.064017,49,56.952362
7.637229,49,56.973
8.037653,49,57.011406
8.0008,49,57.043125
8.052124,49,57.064053
8.204996,49,57.103994
8.169333,49,57.124685
8.064017,49,57.168484
6.915125,49,57.190856
8.219986,49,57.214991
7.641088,49,57.26487
8.192547,49,57.290613
7.986329,49,57.341177
7.625856,49,57.370318
7.587063,49,57.399117
7.569706,49,57.458089
7.788681,49,57.488831
7.995341,49,57.518737
7.670842,49,57.576403
8.027835,49,57.606292
7.943912,49,57.665519
7.986329,49,57.694338
7.985789,49,57.722241
8.03181,49,57.78223
8.073316,49,57.812169
8.063498,49,57.874957
7.967325,49,57.908652
8.021992,49,57.941078
7.647048,49,57.996697
8.0008,49,58.024865
7.616038,49,58.053568
8.02755,49,58.105626
7.39264,49,58.133091
8.010618,49,58.186259
7.647048,49,58.21448
8.010618,49,58.242856
7.6977,49,58.295851
7.611385,49,58.323537
8.079374,49,58.376215
8.010618,49,58.404818
7.427936,49,58.432412
6.713177,49,58.482694
7.886906,49,58.510098
8.106619,49,58.537295
8.04628,49,58.595181
7.661518,49,58.622854
7.647048,49,58.672344
7.925818,49,58.696303
6.290956,49,58.719725
7.661518,49,58.765332
7.519457,49,58.787743
6.416464,49,58.811457
7.625856,49,58.855694
7.043174,49,58.879395
7.890155,49,58.923821
7.611385,49,58.945929
7.611385,49,58.96851
6.946491,49,59.009385
7.039925,49,59.029933
7.182612,49,59.071787
7.996147,49,59.093752
7.134695,49,59.117076
7.149166,49,59.159869
7.996147,49,59.182927
8.010618,49,59.209872
7.996147,49,59.252582
7.611385,49,59.27489
7.151375,49,59.317746
7.09421,49,59.339654
8.010618,49,59.362078
7.519457,49,59.415017
7.611385,49,59.444471
8.010618,49,59.502668
7.661518,49,59.532845
7.519864,49,59.56322
8.010618,49,59.619967
7.996147,49,59.649482
7.996147,49,59.67899
7.836849,49,59.734625
7.625856,49,59.763968
7.611385,49,59.821848
7.134695,49,59.851252
7.611385,49,59.880598
7.996147,49,59.929181
8.037653,49,59.95381
8.069056,49,60.005937
8.064903,49,60.029223
7.996147,49,60.05338
7.922569,49,60.09965
8.03181,49,60.123502
7.962162,49,60.146756
6.871038,49,60.193275
7.882646,49,60.217533
7.964075,49,60.270413
7.647048,49,60.291758
7.997825,49,60.309165
7.976633,49,60.345854
7.520934,49,60.363792
8.073316,49,60.38168
8.03181,49,60.416378
8.03181,49,60.434045
8.033394,49,60.468543
7.986329,49,60.486356
8.064903,49,60.503421
7.996147,49,60.536908
8.04628,49,60.557884
8.052124,49,60.590372
8.006358,49,60.607409
7.611385,49,60.624584
8.010618,49,60.657369
7.996147,49,60.675151
7.55512,49,60.694051
7.986329,49,60.734764
7.967325,49,60.755299
8.02924,49,60.796582
7.801895,49,60.818601
7.690871,49,60.839785
8.1378,49,60.880624
7.224309,49,60.90224
7.549241,49,60.941808
8.205515,49,60.963181
7.669362,49,60.984807
8.084046,49,61.025666
8.0468,49,61.046833
7.233202,49,61.068534
